case,Nt,Nx,N_extra,N,M,d,R,eps,lam,h,gamma,gamma_train,nrm_H,E_rms,E_inf,E_rms_core,E_inf_core,Res_inf,n_iter,cpu_time,success
E1,32,25,100,825,925,1,3.0,0.5,6.0,0.25,0.7330628610814217,1.0801795286849831,3.0440013100157537,0.24124087224385005,0.6165541001199487,0.3259391412847744,0.6172677301307625,2.3373354110352227,487,1.2193939999999999,True
E2,32,25,100,825,925,1,3.0,0.75,6.0,0.25,0.07097275502367628,0.1098568967330118,3.3951736062341484,0.01371585650789395,0.04459466443746889,0.015412158466090637,0.03934269550613956,0.18747403342869995,6793,14.281734042,True
E3,32,25,100,825,925,1,3.0,1.0,6.0,0.25,0.048413549735683015,0.048413549735683015,2.7794607661225044,0.005676762352267956,0.02627806200382156,0.0015127221970950896,0.0038559508820118493,0.08610345351855436,15460,32.38811275,True
E4,32,25,100,825,925,1,3.0,1.25,6.0,0.25,0.04220180282224806,0.04220180282224806,2.3934182355878644,0.0031997719448955938,0.01965107400578084,0.0006110699871942804,0.0020086899541004177,0.050411534610264076,14193,30.678017333,True
E5,32,25,100,825,925,1,3.0,1.5,6.0,0.25,0.05824733000626314,0.05824733000626314,2.1457135935704557,0.002146871437430522,0.02210869417610631,0.0009825485836371035,0.0028159546890155767,0.060510531258864075,7746,17.242687583999995,True
E6,32,25,100,825,925,1,3.0,2.0,6.0,0.25,0.051006772982533866,0.051006772982533866,1.8177778386593189,0.0008396367186929368,0.002928726522119396,0.000826755529611202,0.0027651263219099498,0.05124582585443571,8325,17.728606917000008,True
E1,32,25,100,825,925,1,3.0,2.5,6.0,0.25,0.04232386537009325,0.04232386537009325,1.6838555525998775,0.0009374549736755001,0.010064173568325646,0.0009427715308331203,0.002508013275086346,0.042921892412585705,7063,15.387410708999997,True
E2,32,25,100,825,925,1,3.0,3.0,6.0,0.25,0.03979659244116196,0.03979659244116196,1.5785093005238173,0.0015916818078182255,0.021682672287479082,0.0009998638952251212,0.00224847263349387,0.04009214816887752,10354,23.063237541,True
E3,32,25,100,825,925,1,3.0,4.0,6.0,0.25,0.04420808003080701,0.04420808003080701,1.6201910788957419,0.001815719242589234,0.019879679150965085,0.0012642497383049572,0.0034868438789620315,0.04420808003080701,9120,19.912435959,True
