bc,Nx,n_steps,h,E_rms_core,E_inf_core,E_rms_full,E_inf_full,cpu_time
oracle,16,5,4.0000e-01,0.07126639878721515,0.18627729383342956,0.061162294677873104,0.18657815774407466,0.00044074999999998976
oracle,32,12,1.9355e-01,0.036881493137106584,0.09127390884855352,0.030192180960304276,0.09127390884855358,0.0009963750000000215
oracle,64,33,9.5238e-02,0.01933053412776329,0.046916049588723197,0.015434173799227735,0.047018730962156585,0.0025547080000000166
oracle,128,105,4.7244e-02,0.010252240952734012,0.024362146341500246,0.008034540103062671,0.024417191398377724,0.008437624999999976
oracle,256,370,2.3529e-02,0.005351965649302362,0.012563587134147625,0.004153126617691277,0.012597332677373396,0.03666404100000001
oracle,512,1386,1.1742e-02,0.002750976404915866,0.006441091114915087,0.002120947838784564,0.006441091114915087,0.15702570799999999
extrap,16,5,4.0000e-01,0.07126639878721515,0.18627729383342956,0.0790190635074329,0.4893360948436224,0.0002963750000000154
extrap,32,12,1.9355e-01,0.036881539751467296,0.09127390884855352,0.03916440202692923,0.28211625847770583,0.0006573750000000156
extrap,64,33,9.5238e-02,0.019330534672178244,0.046916049588723197,0.019843693437826652,0.16352879893287164,0.0017616250000000444
extrap,128,105,4.7244e-02,0.010252240949926886,0.024362146341500246,0.011194843377026682,0.11312178117319002,0.006069667000000001
extrap,256,370,2.3529e-02,0.005351965649259078,0.012563587134147625,0.007313978099076336,0.09221120163321231,0.022687332999999976
extrap,512,1386,1.1742e-02,0.002750976404915726,0.006441091114915087,0.005657620850762551,0.08265865949991227,0.09829354199999996
