width,M,beta,E_rms,E_inf,E_rms_core,E_inf_core,E_T_inf,Res_inf,path_norm,n_params,cpu_time,cpu_time_adam,cpu_time_lbfgs
16,1024,1e-06,0.0029562367126345634,0.009489864110946655,0.004392714239656925,0.009493276476860046,0.009401589632034302,0.04378467798233032,19.94489097595215,609,17.7174555,17.7174555,0.0
16,4096,1e-06,0.0030102930031716824,0.00968584418296814,0.004403004422783852,0.009647518396377563,0.009679540991783142,0.03735470771789551,19.347110748291016,609,35.090046208000004,35.090046208000004,0.0
32,1024,1e-06,0.0039705936796963215,0.027349920943379402,0.0028370616491883993,0.008285999298095703,0.009278379380702972,0.041152358055114746,14.347810745239258,2241,24.179783833000002,24.179783833000002,0.0
32,4096,1e-06,0.002659170189872384,0.015856757760047913,0.0021319615188986063,0.006792306900024414,0.004983179271221161,0.03615346550941467,12.537412643432617,2241,52.040224459,52.040224459,0.0
64,1024,1e-06,0.0011603131424635649,0.010804224759340286,0.0009675452020019293,0.0037153959274291992,0.0037252306938171387,0.029996365308761597,12.726847648620605,8577,40.257390500000014,40.257390500000014,0.0
64,4096,1e-06,0.0015113228000700474,0.0124952532351017,0.0008852880564518273,0.0028969645500183105,0.004508711397647858,0.031141728162765503,12.22299575805664,8577,104.325028333,104.325028333,0.0
32,4096,0.0,0.0016984640387818217,0.017482245340943336,0.0006427540793083608,0.0017406940460205078,0.004137903451919556,0.02011018991470337,52.87333297729492,2241,60.35282324999997,60.35282324999997,0.0
32,4096,1e-07,0.002646184293553233,0.017145700752735138,0.0018903074087575078,0.003761589527130127,0.004755690693855286,0.026960521936416626,26.25713348388672,2241,58.65972612500002,58.65972612500002,0.0
32,4096,1e-05,0.006907888222485781,0.037966057658195496,0.00624150549992919,0.01766258478164673,0.014990516006946564,0.05303162336349487,7.398003578186035,2241,60.38561079100003,60.38561079100003,0.0
32,4096,0.0001,0.020772099494934082,0.10990263521671295,0.009709092788398266,0.043415963649749756,0.04790720343589783,0.11665236949920654,5.316910743713379,2241,58.09319325000001,58.09319325000001,0.0
