width,M,beta,H5_norm,path_norm,checkpoint
16,1024,1e-06,25.127923949431377,19.944890689975637,checkpoints/W16_M1024_beta1e-06.pt
16,4096,1e-06,25.59290533242475,19.347110966406365,checkpoints/W16_M4096_beta1e-06.pt
32,1024,1e-06,25.623001266624815,14.347810535595544,checkpoints/W32_M1024_beta1e-06.pt
32,4096,0.0,20.168397874166065,52.87332680935173,checkpoints/W32_M4096_beta0e+00.pt
32,4096,0.0001,46.28872254687529,5.316911046191037,checkpoints/W32_M4096_beta1e-04.pt
32,4096,1e-05,34.22604206745425,7.398003037315059,checkpoints/W32_M4096_beta1e-05.pt
32,4096,1e-06,26.388924777891994,12.537411450109786,checkpoints/W32_M4096_beta1e-06.pt
32,4096,1e-07,21.68387593376059,26.257134522398086,checkpoints/W32_M4096_beta1e-07.pt
64,1024,1e-06,37.72518818087668,12.72684824707623,checkpoints/W64_M1024_beta1e-06.pt
64,4096,1e-06,34.241219934566644,12.222996363718627,checkpoints/W64_M4096_beta1e-06.pt
